Title,Description,Audit Methodology,Policy Procedure
User Account Inventory Review,"Review of all user, administrator, and service accounts to confirm they are authorised, accurately recorded, and assigned to active personnel.","Evidence required: exported account list from identity provider or directory service, showing account name, type, owner, and last login date. Analysis: cross-reference against HR active employee list; identify accounts with no login in over 45 days, accounts with no documented owner, and service accounts without a recorded business purpose. Conclusion: document findings, flag exceptions, confirm remediation actions. Conduct review at minimum quarterly.",Access_Management > Access Review
Privileged Access Rights Review,Periodic review of all privileged and administrative accounts to confirm that elevated access remains necessary and is not excessive.,"Evidence required: list of all accounts with privileged or administrative rights, including role justification and approver. Analysis: verify each privileged account has a documented business justification and was approved by an authorised manager; confirm no standard user accounts have accumulated privileged rights; confirm privileged accounts are not used for general day-to-day activities. Conclusion: document and remediate unjustified access. Conduct review at minimum every six months.",Access_Management > Access Review
Account Provisioning and Deprovisioning Process Review,Verification that access is granted following a documented approval process and revoked promptly upon termination or role change.,"Evidence required: sample of access provisioning tickets (last period), corresponding HR records confirming role and start date; sample of offboarding records and corresponding access revocation confirmations. Analysis: confirm each provisioned account has documented manager approval; confirm all terminated employees had access revoked on or before last working day; confirm role changes triggered access adjustments. Conclusion: document gaps and timelines. Conduct review quarterly.",Access_Management > Account Provisioning
Multi-Factor Authentication Coverage Review,"Verification that MFA is enforced on all externally exposed applications, remote access, and administrative interfaces.","Evidence required: list of externally accessible systems and administrative interfaces; MFA configuration screenshots or export from identity provider. Analysis: confirm MFA is enabled and enforced (not optional) for all external-facing systems, remote network access, and admin consoles; document any exceptions with compensating controls. Conclusion: document MFA coverage rate and any gaps. Conduct review at minimum annually.",Access_Management > Authentication
Role-Based Access Control Review,Review of role definitions and assigned permissions to confirm they reflect current business requirements and enforce least privilege.,"Evidence required: role matrix or RBAC configuration export showing roles, permissions, and assigned users; business justification documentation per role. Analysis: confirm each role has a documented purpose and owner; confirm no role grants more access than required for its business function; confirm users are assigned only roles appropriate to their job function. Conclusion: document roles requiring remediation. Conduct review annually or upon significant organisational change.",Access_Management > Access Review
Segregation of Duties Verification,Verification that conflicting duties are separated so no single individual can perform incompatible actions without detection.,"Evidence required: list of critical processes where SoD applies (e.g. financial approvals, access provisioning, code deployment); current role assignments for personnel involved in those processes. Analysis: confirm no individual holds roles that allow both initiation and approval of the same transaction or action; flag and document any exceptions with compensating controls. Conclusion: document SoD violations and remediation plans. Conduct review annually.",Access_Management > Access Review
Default Account and Password Management Review,Verification that default vendor accounts have been renamed or disabled and default credentials changed across all systems.,Evidence required: system hardening checklist or configuration scan output; list of known default accounts per system type. Analysis: confirm all default accounts are disabled or renamed; confirm no default credentials remain active; confirm this check is performed as part of system commissioning. Conclusion: document any systems with unremediated defaults. Conduct review at minimum annually or upon new system deployment.,Access_Management > Account Provisioning
Hardware Asset Inventory Review,"Periodic verification that the hardware asset inventory is complete, accurate, and includes all devices connected to the network.",Evidence required: current asset inventory export; output from active discovery tool or DHCP logs; network scan results. Analysis: reconcile discovered devices against inventory; identify unauthorised or unrecorded devices; confirm each asset has an assigned owner and classification. Conclusion: document discrepancies and initiate investigation for unknown devices. Conduct review at minimum quarterly.,Asset_Management > Asset Inventory Review
Software Inventory and Authorisation Review,Verification that only authorised and currently supported software is installed across enterprise assets.,Evidence required: software inventory report from endpoint management tool or manual collection; list of authorised software titles. Analysis: identify software not on the authorised list; confirm all authorised software is currently supported by the vendor (no end-of-life); document exceptions where unsupported software must remain with a risk acceptance record. Conclusion: initiate removal of unauthorised software; document exceptions. Conduct review at minimum monthly.,Asset_Management > Asset Inventory Review
Data Inventory and Flow Review,"Review of the data inventory and documented data flows to confirm sensitive data is identified, classified, and flows are current.",Evidence required: data inventory or data register; data flow diagrams; output of any DLP tool showing sensitive data locations. Analysis: confirm the data inventory covers all known sensitive data repositories; confirm data flows reflect actual data movement between systems and third parties; identify any undocumented flows or new data types. Conclusion: update inventory and flows; document gaps. Conduct review annually or upon significant system or process change.,Information_Classification > Classification at Creation
Internal Vulnerability Scan,Automated scanning of internal systems to identify known vulnerabilities and misconfigurations.,"Evidence required: vulnerability scan report from authenticated internal scan, including scan date, scope, tool, and findings by severity. Analysis: confirm scan covered all in-scope internal systems; verify all critical and high findings have remediation owners and target dates; confirm prior critical findings have been resolved or have documented risk acceptances. Conclusion: record pass/fail per criticality threshold. Conduct at minimum quarterly.",Vulnerability_Management > Vulnerability Scan
External Vulnerability Scan,Automated scanning of externally exposed systems and services to identify vulnerabilities accessible from the internet.,"Evidence required: external vulnerability scan report including scan date, scope, and findings by severity. Analysis: confirm scan covered all externally reachable IP addresses and services; verify all critical and high findings have remediation owners and deadlines; confirm prior critical findings are resolved. Conclusion: record pass/fail per criticality threshold. Conduct at minimum monthly.",Vulnerability_Management > Vulnerability Scan
Patch Deployment Review,Verification that operating system and application patches are being applied within required timeframes across all in-scope systems.,"Evidence required: patch compliance report from endpoint management or patch management tool, showing patch status by system and age of outstanding patches. Analysis: confirm critical patches are deployed within defined SLA (typically 30 days); confirm no systems have unpatched critical vulnerabilities beyond SLA without a documented exception; confirm patch deployment follows the change management process. Conclusion: document non-compliant systems and escalation actions. Conduct review monthly.",Vulnerability_Management > Patch Deployment
Penetration Test Execution and Finding Remediation,"Commissioning and tracking of periodic penetration tests, and verification that findings are remediated within defined timeframes.","Evidence required: penetration test report (current period) including scope, methodology, tester credentials, and findings; remediation tracker showing status of all findings from current and prior test. Analysis: confirm test was conducted by a qualified independent party; confirm scope covered both network and application layers; confirm all critical and high findings have remediation plans with owners and dates; confirm prior critical findings are resolved before the next test. Conclusion: document outstanding findings and escalate overdue items. Conduct at minimum annually.",Vulnerability_Management > Penetration Test Management
Vulnerability Remediation Tracking,Ongoing tracking of open vulnerabilities to ensure remediation progresses within risk-based timeframes.,"Evidence required: vulnerability remediation tracker or ticketing system export showing open items, severity, assigned owner, and age. Analysis: confirm all critical vulnerabilities have remediation in progress or a documented risk acceptance; confirm remediation SLAs are being met; identify and escalate overdue items. Conclusion: produce remediation compliance rate; escalate critical aged items. Conduct review monthly.",Vulnerability_Management > Patch Deployment
Log Collection and Configuration Review,"Verification that logging is enabled, correctly configured, and centralised across all in-scope systems.","Evidence required: logging configuration export or screenshot from SIEM/log management platform showing sources, event types, and time synchronisation status; list of in-scope systems. Analysis: confirm all in-scope systems are forwarding logs to the centralised platform; confirm event types cover authentication, privilege use, configuration change, and data access; confirm time sync is active on all sources. Conclusion: document unconfigured or missing sources. Conduct review quarterly.",Logging_Monitoring > Log Configuration
Log Review and Anomaly Investigation,Periodic review of security event logs and SIEM alerts to detect anomalous activity and potential incidents.,"Evidence required: log review records or SIEM alert disposition log for the review period, showing alerts reviewed, analyst actions, and outcomes. Analysis: confirm all critical and high alerts were reviewed and dispositioned within SLA; confirm at least weekly manual review was performed; confirm anomalous events were escalated as incidents where appropriate. Conclusion: document unreviewed alerts and missed SLAs. Conduct review weekly at minimum; critical alerts reviewed within defined SLA (typically 24 hours).",Logging_Monitoring > Log Review
Log Retention Compliance Review,Verification that logs are retained for the required minimum period and are protected from tampering.,"Evidence required: log retention configuration from SIEM or log management platform; storage capacity report; access control list for log storage. Analysis: confirm retention period meets the defined minimum (typically 12 months, 90 days online); confirm log storage has adequate capacity and has not silently dropped logs; confirm write access to logs is restricted to authorised service accounts only. Conclusion: document retention gaps. Conduct review quarterly.",Logging_Monitoring > Log Configuration
Service Provider Log Collection Review,Verification that logs from key cloud and third-party service providers are collected and integrated into centralised monitoring.,"Evidence required: list of in-scope service providers; SIEM configuration showing service provider log sources; sample of service provider logs ingested. Analysis: confirm all critical service providers have log forwarding configured; confirm authentication, admin activity, and data access events are captured; confirm service provider logs are subject to the same retention policy as internal logs. Conclusion: document missing service provider log sources. Conduct review at minimum annually.",Logging_Monitoring > Log Configuration
Incident Response Plan Review and Test,Annual review of the incident response plan and execution of a tabletop exercise or simulation to test response capability.,"Evidence required: current incident response plan document with version and review date; tabletop exercise or simulation report showing scenario, participants, outcomes, and action items. Analysis: confirm the plan has been reviewed and updated within the last 12 months; confirm a test was conducted involving key stakeholders; confirm action items from the test have been tracked and closed. Conclusion: document plan gaps and outstanding action items. Conduct at minimum annually.",Incident_Management > Incident Reporting
Post-Incident Review Execution,"Structured review following every significant security incident to identify root cause, lessons learned, and control improvements.","Evidence required: post-incident review report for the incident including timeline, root cause analysis, control gaps identified, and action items with owners and due dates. Analysis: confirm review was conducted within the defined timeframe post-closure (typically 2 weeks); confirm root cause was identified; confirm action items have been assigned and are being tracked; confirm lessons learned have been fed back into policy or control updates where applicable. Conclusion: document outstanding action items. Conduct following every significant incident.",Incident_Management > Post-Incident Review
Security Incident Reporting Channel Review,"Verification that the incident reporting mechanism is documented, communicated, and accessible to all personnel.","Evidence required: documentation of reporting channels (email, helpdesk, hotline); evidence of communication to staff (intranet post, training record, email); test of reporting channel (e.g. submission of test report and confirmation of receipt). Analysis: confirm channel is accessible to all staff including remote workers; confirm response and triage SLA is defined and being met; confirm reporting instructions are included in security awareness training. Conclusion: document gaps. Conduct review annually.",Incident_Management > Incident Reporting
Change Request Approval and Documentation Review,"Verification that all production changes were submitted via the formal change process, approved, tested, and documented.","Evidence required: change log for the review period; sample of change tickets (minimum 10 or all if fewer) showing request, approver, test evidence, and outcome. Analysis: confirm no changes were made without a corresponding approved ticket; confirm emergency changes were reviewed post-implementation; confirm rollback plans were defined for significant changes. Conclusion: document unapproved or undocumented changes. Conduct review monthly.",Change_Management > Standard Change
Security Awareness Training Completion Review,Verification that all personnel have completed mandatory annual security awareness training and acknowledged security policies.,"Evidence required: training platform completion report showing completion status per employee, date completed, and training version; acknowledgement records for the security policy. Analysis: confirm 100% completion rate for employees in scope; identify overdue personnel and escalation actions taken; confirm training content was reviewed and updated within the last 12 months. Conclusion: document non-completion rate and follow-up actions. Conduct review at minimum annually.",Human_Resources_Security > Security Training Delivery and Tracking
Pre-Employment Background Screening Review,Verification that background screening is consistently conducted for new hires with access to sensitive systems or data.,Evidence required: sample of new hire onboarding records from the review period; corresponding background screening confirmation records. Analysis: confirm screening was initiated and completed before or at the point of access provisioning for each sampled hire; confirm screening scope is proportionate to access level; confirm screening results are documented and retained. Conclusion: document cases where access was provisioned before screening was completed. Conduct review annually.,Human_Resources_Security > Onboarding
Offboarding Access Revocation Review,Verification that all system access is revoked on the last day of employment for all departing personnel.,Evidence required: sample of offboarding records from the review period; corresponding access revocation confirmations from identity provider and key systems. Analysis: confirm access was revoked on or before the last working day for all sampled cases; confirm physical access badges were collected; confirm no dormant accounts remain active for departed employees beyond 45 days. Conclusion: document cases with delayed revocation. Conduct review quarterly.,Human_Resources_Security > Offboarding
Cryptographic Key and Certificate Lifecycle Review,"Verification that cryptographic keys and TLS certificates are managed per policy, rotated on schedule, and that no weak algorithms are in use.","Evidence required: key management register showing all active keys with algorithm, length, creation date, and next rotation date; certificate inventory with expiry dates; configuration scan or manual check for deprecated algorithms. Analysis: confirm no keys are overdue for rotation; confirm no TLS 1.0 or 1.1 is enabled; confirm no deprecated algorithms (DES, RC4, MD5 for signing, SHA-1 for signing) are in use; confirm no certificates expire within 30 days without a renewal in progress. Conclusion: document overdue rotations and impending expiries. Conduct review quarterly.",Cryptography > Certificate Management
Firewall Ruleset Review,"Periodic review of firewall and network security device rules to confirm all rules are justified, current, and consistent with the approved architecture.","Evidence required: current firewall ruleset export; network segmentation diagram; list of approved rules with documented business justification. Analysis: confirm each rule has a documented owner and business purpose; identify and flag rules that are overly permissive, unused, or undocumented; confirm CDE or sensitive zone isolation rules are intact. Conclusion: document rules to be removed or tightened. Conduct review at minimum every six months.",Network_Security > Firewall Rule Review
Network Segmentation Verification,"Verification that network segmentation controls are in place and effective, preventing unauthorised lateral movement between zones.",Evidence required: network architecture diagram; firewall or VLAN configuration showing zone separation; results of segmentation test (manual traffic test or scan output). Analysis: confirm sensitive or regulated zones are isolated from general network; confirm there are no uncontrolled paths between zones; confirm wireless networks are segregated from wired internal networks. Conclusion: document any unintended paths or segmentation failures. Conduct review annually or after significant network changes.,Network_Security > Network Change
Remote Access Security Review,"Verification that all remote access connections use approved encrypted channels with MFA enforced, and that inactive sessions are terminated.",Evidence required: VPN or remote access platform configuration showing MFA enforcement and session timeout settings; access logs showing remote sessions for the review period. Analysis: confirm MFA is enforced for all remote access; confirm split tunnelling is disabled or has documented approval; confirm session timeout is configured; confirm all remote access is via approved encrypted channels (no legacy protocols). Conclusion: document exceptions. Conduct review at minimum annually.,Network_Security > Remote Access
Network Architecture and Diagram Review,Verification that network architecture documentation is current and accurately reflects the deployed environment.,"Evidence required: current network architecture diagram(s); change log for the review period. Analysis: confirm the diagram was updated following all significant network changes in the period; confirm diagram shows all major zones, boundaries, and security controls; confirm the diagram is version controlled and stored in an approved location. Conclusion: document diagram inaccuracies. Conduct review annually or after significant changes.",Network_Security > Network Change
Physical Access Rights Review,Periodic review of physical access rights to restricted areas to confirm access remains appropriate and terminated employees have no remaining access.,Evidence required: physical access control system export showing active badges and access rights per zone; HR termination records for the review period. Analysis: confirm no terminated employee retains active physical access; confirm access to restricted areas is limited to personnel with documented business need; confirm visitor access procedures are being followed. Conclusion: document unjustified access rights. Conduct review quarterly.,Physical_Security > Physical Access Review
Clear Desk and Clear Screen Compliance Check,Spot-check verification that personnel are following clear desk and clear screen practices to prevent unauthorised access to sensitive information.,"Evidence required: completed clear desk inspection checklist (physical walkthrough) covering workstations, meeting rooms, and shared areas; or screenshot evidence of screen lock activation after inactivity timeout. Analysis: confirm workstations auto-lock within defined timeout; confirm no sensitive documents or credentials are left unattended; confirm printer output areas are checked. Conclusion: document non-compliant findings and corrective actions taken. Conduct spot checks at minimum quarterly.",Physical_Security > Physical Access Review
Media Disposal Verification,Verification that storage media containing sensitive data is disposed of using approved destruction methods and that destruction is documented.,Evidence required: media destruction log or certificate of destruction for the period; list of assets decommissioned in the period. Analysis: confirm all decommissioned storage media had sensitive data confirmed and destruction method documented; confirm destruction method is appropriate to data classification; confirm certificates of destruction are retained where applicable. Conclusion: document any disposals without evidence of secure destruction. Conduct review quarterly.,Physical_Security > Media Disposal
Supplier Security Assessment Review,Periodic review of the security posture of critical and high-risk suppliers against defined security requirements.,"Evidence required: supplier risk register with tier classification; evidence of security assessment per supplier (questionnaire responses, SOC 2 reports, ISO certificates, or equivalent) for the review period. Analysis: confirm all critical/high-risk suppliers were assessed within the defined review period; confirm findings from prior assessments have remediation plans; confirm new suppliers were assessed before onboarding. Conclusion: document overdue assessments and unresolved findings. Conduct review annually for critical suppliers, as defined by risk tier.",Supplier_Management > Supplier Review
Supplier Contract Security Requirements Review,Verification that contracts with in-scope suppliers include required security clauses and that obligations are current.,"Evidence required: sample of supplier contracts for in-scope suppliers; contract review checklist covering security requirements (data protection, incident notification, right to audit, subprocessors). Analysis: confirm required security clauses are present in each sampled contract; confirm contracts have been reviewed since the last significant change to security requirements; flag contracts due for renewal that should be updated. Conclusion: document contracts with missing or outdated clauses. Conduct review annually.",Supplier_Management > Supplier Onboarding
Supplier Offboarding and Data Return Verification,Verification that supplier access is fully revoked and organisational data is returned or destroyed when a supplier relationship ends.,"Evidence required: list of supplier relationships terminated in the review period; corresponding offboarding records showing access revocation confirmation, data destruction or return confirmation, and any certificates of destruction. Analysis: confirm all access was revoked on or before the contract end date; confirm data return or destruction was confirmed in writing; confirm the supplier has been removed from the active supplier register. Conclusion: document incomplete offboardings. Review within 30 days of each termination.",Supplier_Management > Supplier Offboarding
Backup Execution and Restore Test,Verification that scheduled backups are completing successfully and that data can be restored within defined recovery objectives.,"Evidence required: backup job completion report for the period showing job status, size, and any failures; restore test record showing data restored, test date, time to restore, and comparison against RPO. Analysis: confirm no backup jobs have failed silently; confirm a restore test was performed for a representative sample of critical systems; confirm restore time meets defined RTO. Conclusion: document backup failures and restore test results. Conduct backup review weekly; restore tests at minimum quarterly.",Business_Continuity > Backup Execution and Verification
BCP and DR Plan Test,Periodic test of business continuity and disaster recovery plans to verify that critical systems can be recovered within defined objectives.,"Evidence required: test plan and scenario description; test execution record with participant list, outcomes per recovery objective, and identified gaps; post-test action log. Analysis: confirm the test covered critical systems and recovery objectives (RTO/RPO); confirm all action items from the test have been assigned owners and dates; confirm the plan was updated following the test. Conclusion: document gap between tested recovery time and defined RTO. Conduct at minimum annually.",Business_Continuity > BCP and DR Plan Review
Data Classification and Labelling Compliance Review,Verification that information assets are classified in accordance with the classification scheme and that labelling is applied where required.,Evidence required: sample of documents and data stores created or modified in the review period; classification labels or metadata tags applied; access controls in place per classification level. Analysis: confirm sampled items have a classification label; confirm access controls are appropriate to the classification; confirm any sensitive data shared externally was authorised and transmitted via approved channels. Conclusion: document unlabelled or misclassified items. Conduct review at minimum annually.,Information_Classification > Classification at Creation
Data Retention and Disposal Compliance Review,Verification that data is retained for required minimum periods and securely disposed of at the end of the retention period.,Evidence required: retention schedule; list of data disposals performed in the period with destruction method and classification; automated retention policy configuration where applicable. Analysis: confirm disposals match the retention schedule; confirm destruction method is appropriate to data classification; confirm certificates of destruction are retained for sensitive data. Conclusion: document data retained beyond its schedule and overdue disposals. Conduct review annually.,Information_Classification > Secure Disposal
Threat Intelligence Review,Periodic review of threat intelligence sources to identify emerging threats relevant to the organisation and update risk assessments accordingly.,"Evidence required: threat intelligence source list (subscriptions, feeds, ISACs); summary of intelligence reviewed in the period; record of any risk register updates triggered by intelligence findings. Analysis: confirm at least one reliable threat intelligence source is actively monitored; confirm intelligence findings are reviewed at defined intervals; confirm material new threats are reflected in the risk register or have a documented rationale for not being escalated. Conclusion: document intelligence gaps and actions taken. Conduct review at minimum monthly.",Risk_Management > Risk Assessment
Legal and Regulatory Compliance Review,"Periodic review of applicable legal, regulatory, and contractual information security requirements to confirm they remain current and are being met.","Evidence required: register of applicable legal and regulatory requirements with review date; evidence of compliance activities per requirement (e.g. audit reports, certifications, legal counsel sign-off). Analysis: confirm the register was reviewed within the last 12 months; confirm any new or changed requirements have been assessed for impact; confirm compliance activities are documented. Conclusion: document requirements with no evidence of compliance activity. Conduct review annually or when significant regulatory changes occur.",Risk_Management > Risk Register Review
Independent Information Security Review,"Periodic independent review of the information security programme, including controls, policies, and management processes.","Evidence required: independent review or audit report (internal audit, external auditor, or qualified third party); scope and methodology documentation; management response to findings. Analysis: confirm the reviewer is independent of the function being reviewed; confirm review scope covered key policies, controls, and management processes; confirm all findings have management responses and remediation plans. Conclusion: document outstanding findings. Conduct at minimum annually.",Risk_Management > Risk Register Review
Internal Information Security Compliance Review,"Periodic self-assessment of compliance with internal information security policies, procedures, and standards.",Evidence required: compliance review checklist or assessment report covering key policies and procedures; list of non-compliances identified and corresponding corrective actions. Analysis: confirm review covered all major policy areas; confirm non-compliances have assigned owners and target remediation dates; confirm findings from prior reviews have been resolved. Conclusion: document compliance rate and outstanding corrective actions. Conduct review at minimum annually.,Risk_Management > Risk Register Review
Security Policy Violation Management Review,"Verification that the disciplinary process for security policy violations is documented, applied consistently, and that violations are tracked.","Evidence required: policy violation register for the period; sample of cases showing investigation record, outcome, and disciplinary action applied; evidence that the disciplinary process is communicated to all staff. Analysis: confirm all reported violations were logged and investigated; confirm outcomes are proportionate and consistent; confirm the process is referenced in the employee handbook or security policy acknowledgement. Conclusion: document uninvestigated reports or inconsistent outcomes. Conduct review annually.",Human_Resources_Security > Security Training Delivery and Tracking
Endpoint Configuration Baseline Review,Verification that all endpoint devices are configured against the approved hardened baseline and that deviations are detected and remediated.,Evidence required: approved hardened configuration baseline document; configuration compliance scan output from endpoint management tool showing compliance rate per device or device group. Analysis: confirm all in-scope endpoints have been assessed against the baseline; identify devices with non-compliant settings; confirm critical deviations have remediation actions in progress; confirm baseline was reviewed within the last 12 months. Conclusion: document compliance rate and outstanding deviations. Conduct review at minimum quarterly.,Endpoint_Security > Endpoint Configuration Review
Malware Protection Review,"Verification that anti-malware and endpoint detection tools are deployed, current, and operating on all in-scope devices.","Evidence required: endpoint protection platform coverage report showing deployment status, signature update date, and scan status per device; list of in-scope devices. Analysis: confirm anti-malware is deployed on all in-scope endpoints; confirm signatures were updated within the last 24 hours; confirm no devices have had protection disabled without authorisation; confirm behaviour-based detection is enabled where supported. Conclusion: document unprotected or out-of-date devices. Conduct review monthly.",Endpoint_Security > Malware Protection Review
Web and Email Filtering Review,"Verification that web content filtering and email security controls are active, current, and effectively blocking malicious content.","Evidence required: web filtering platform configuration and block statistics for the period; email security gateway configuration showing DMARC, SPF, DKIM, and anti-malware settings; sample of blocked event logs. Analysis: confirm web filtering is applied to all users including remote workers; confirm DNS filtering is active; confirm email DMARC policy is enforced; confirm anti-malware scanning is active on email attachments. Conclusion: document misconfigured or bypassed controls. Conduct review quarterly.",Endpoint_Security > Web and Email Filtering Review
Software Installation Control Review,Verification that controls preventing unauthorised software installation are active and effective on all endpoint devices.,Evidence required: application control or allowlisting configuration from endpoint management platform; log of software installation attempts (authorised and blocked) for the period. Analysis: confirm application allowlisting or equivalent control is active on all in-scope endpoints; confirm unauthorised installation attempts are being blocked and logged; confirm the authorised software list was reviewed within the last six months. Conclusion: document devices without application control and any unauthorised software found. Conduct review at minimum semi-annually.,Endpoint_Security > Software Installation Control
Endpoint Encryption Compliance Review,Verification that full-disk encryption is enabled on all endpoint devices that store or access sensitive data.,"Evidence required: endpoint encryption compliance report from endpoint management or MDM platform showing encryption status per device. Analysis: confirm full-disk encryption is enabled on all laptops, desktops, and mobile devices that process sensitive data; confirm encryption key management is in place; confirm any unencrypted devices have a documented exception with compensating controls. Conclusion: document unencrypted devices and exceptions. Conduct review quarterly.",Endpoint_Security > Endpoint Configuration Review
Data Loss Prevention Review,Verification that DLP controls are active and configured to detect and prevent unauthorised transmission of sensitive data.,"Evidence required: DLP platform policy configuration; DLP incident report for the period showing events detected, severity, and disposition. Analysis: confirm DLP policies cover defined sensitive data types; confirm DLP is applied to email, web upload, and removable media channels; confirm DLP incidents were reviewed and responded to; confirm false positive rate is within acceptable thresholds. Conclusion: document control gaps and unreviewed incidents. Conduct review quarterly.",Endpoint_Security > Web and Email Filtering Review
Secure Development Lifecycle Compliance Review,"Verification that security activities are embedded in the software development lifecycle including requirements, design, coding, testing, and deployment.","Evidence required: SDL policy or process documentation; sample of development projects from the period showing security activities at each phase (security requirements documented, threat model or security review completed, SAST/DAST results, security sign-off before deployment). Analysis: confirm security requirements are defined for all projects handling sensitive data; confirm threat modelling or security design review is conducted for significant changes; confirm no code was deployed to production without security testing results reviewed. Conclusion: document projects with missing security activities. Conduct review at minimum annually.",Secure_Development > Secure Development Lifecycle Review
Static and Dynamic Application Security Testing Review,Verification that automated security testing (SAST/DAST) is integrated into the development pipeline and findings are tracked to resolution.,"Evidence required: SAST and/or DAST tool scan reports for the review period; findings tracker showing open issues, severity, and remediation status. Analysis: confirm SAST is run on all code commits or at minimum on each release; confirm DAST is performed on all production applications at minimum annually; confirm all critical and high findings have remediation owners and target dates; confirm no critical findings are deployed to production without documented risk acceptance. Conclusion: document applications without scan coverage. Conduct review at minimum quarterly.",Secure_Development > Security Testing in Development
Secure Coding Standards Compliance Review,Verification that developers are following approved secure coding standards and that code reviews include a security component.,Evidence required: secure coding standards document with review date; sample of code review records showing security checklist completion; developer training completion records. Analysis: confirm secure coding standards are documented and accessible to all developers; confirm code reviews include a security element (checklist or reviewer qualification); confirm all developers with production code access completed role-specific security training in the last 12 months. Conclusion: document projects with no security code review and untrained developers. Conduct review annually.,Secure_Development > Secure Coding Review
Application Security Requirements Review,Verification that information security requirements are defined and approved for all new or significantly changed applications before development begins.,"Evidence required: sample of project initiation records or design documents for new/changed applications in the period; evidence of security requirements review or sign-off. Analysis: confirm security requirements are documented for each sampled project; confirm requirements were reviewed by Information Security before development commenced; confirm requirements address authentication, authorisation, data protection, and logging as applicable. Conclusion: document projects started without security requirements sign-off. Conduct review at minimum semi-annually.",Secure_Development > Application Security Requirements Review
Third-Party Software Component Review,"Verification that third-party libraries and open-source components used in development are inventoried, current, and free of known critical vulnerabilities.",Evidence required: software bill of materials (SBOM) or dependency list per application; vulnerability scan results for third-party components (e.g. SCA tool output). Analysis: confirm all significant applications have an up-to-date dependency inventory; confirm no critical vulnerabilities exist in third-party components in production without a documented remediation plan; confirm end-of-life components have documented migration plans. Conclusion: document applications with no SBOM and unpatched critical component vulnerabilities. Conduct review monthly.,Secure_Development > Security Testing in Development
"Development, Test, and Production Environment Separation Review",Verification that development and test environments are separated from production and that production data is not used in non-production environments without controls.,Evidence required: environment architecture diagram showing separation; access control configuration showing that production and non-production access lists are distinct; data masking or anonymisation evidence for any production data used in test. Analysis: confirm developers do not have direct production access; confirm test environments do not connect to production systems without explicit approval; confirm production data used in testing is masked or anonymised. Conclusion: document environment separation failures. Conduct review at minimum annually.,Secure_Development > Secure Development Lifecycle Review
Internal Audit Execution,Execution of the internal audit programme to verify that management system requirements are being met and controls are operating effectively.,"Evidence required: internal audit plan for the period; completed audit reports including scope, findings, and conclusions; audit schedule showing planned vs completed audits. Analysis: confirm all planned audits were completed; confirm findings were graded by severity; confirm all non-conformities have corrective action records with owners and due dates. Conclusion: document overdue audits and unresolved non-conformities. Conduct per the approved audit schedule, at minimum annually.",Risk_Management > Independent Information Security Review
Management Review Execution,"Formal management review of the information security, privacy, quality, or other management system to evaluate performance, resource adequacy, and continual improvement actions.","Evidence required: management review meeting minutes or report covering system performance, audit results, risk status, objectives, and resource needs; action list from the review with owners and due dates. Analysis: confirm review was conducted at planned intervals; confirm all required inputs were addressed; confirm outputs include decisions on continual improvement and resource changes. Conclusion: document reviews not conducted on schedule and outstanding actions. Conduct at minimum annually.",Risk_Management > Risk Register Review
Nonconformity and Corrective Action Tracking,"Tracking and closure of nonconformities and corrective actions identified through audits, incidents, reviews, or other sources.","Evidence required: nonconformity register or corrective action log for the period showing description, root cause, action taken, owner, and closure status. Analysis: confirm all open items have assigned owners and target dates; confirm root cause analysis was performed for significant non-conformities; confirm closed items have evidence of effectiveness verification. Conclusion: document overdue items. Review monthly.",Risk_Management > Risk Register Review
Cardholder Data Environment Scoping Review,"Periodic review of the cardholder data environment (CDE) scope to confirm all systems storing, processing, or transmitting cardholder data are identified and in-scope.","Evidence required: CDE scope documentation including network diagram, data flow diagram, and asset inventory; results of cardholder data discovery scan. Analysis: confirm all assets in the CDE are documented; confirm data flows are current; confirm no cardholder data exists outside the defined CDE without authorisation; confirm scope was reviewed following any significant network or application changes. Conclusion: document scope gaps. Conduct at minimum annually and after significant changes.",Information_Classification > Classification at Creation
PCI DSS Compliance Self-Assessment or Audit,"Annual assessment of compliance with all applicable PCI DSS requirements, either via self-assessment questionnaire (SAQ) or qualified security assessor (QSA) report on compliance (ROC).","Evidence required: completed SAQ or ROC for the current assessment period, signed by an authorised officer; attestation of compliance (AOC). Analysis: confirm all applicable requirements are marked compliant; confirm any compensating controls are documented and approved; confirm the assessment was completed within the last 12 months. Conclusion: document open non-compliances and remediation plans. Conduct annually.",Risk_Management > Legal and Regulatory Compliance Review
Cardholder Data Discovery Scan,Automated scan of systems to detect the presence of cardholder data (PANs) in locations that are not authorised or expected.,"Evidence required: cardholder data discovery tool scan report showing scan scope, date, and findings. Analysis: confirm all in-scope systems were scanned; confirm any discovered PANs outside the defined CDE are investigated and either removed or brought into scope; confirm scan was performed within the required interval. Conclusion: document unauthorised cardholder data found and remediation actions. Conduct at minimum quarterly.",Information_Classification > Classification at Creation
SOC 2 Control Effectiveness Monitoring,Ongoing monitoring of controls in scope for SOC 2 to confirm they are operating effectively and any deficiencies are identified and communicated.,Evidence required: control monitoring results for the period (automated or manual); deficiency log showing issues identified and management responses. Analysis: confirm all in-scope controls were tested during the period; confirm deficiencies were communicated to responsible parties; confirm remediation of deficiencies is tracked. Conclusion: document untested controls and outstanding deficiencies. Review quarterly.,Risk_Management > Internal Information Security Compliance Review
Availability and Processing Integrity Monitoring,Monitoring of system availability and processing integrity against defined commitments and service level agreements.,"Evidence required: availability monitoring report for the period showing uptime, incidents, and SLA performance; processing integrity check results (e.g. data validation reports, error logs). Analysis: confirm availability met defined commitments; confirm any availability incidents were investigated and root-caused; confirm processing integrity controls detected and flagged errors. Conclusion: document SLA breaches and processing errors. Monitor continuously; review monthly.",Business_Continuity > BCP and DR Plan Review
System Security Plan Review,"Review and maintenance of the system security plan documenting security controls, responsibilities, and authorisation status for in-scope systems.","Evidence required: current system security plan (SSP) with version, review date, and authorising official signature; change log. Analysis: confirm the SSP reflects current system configuration and control implementation; confirm it was reviewed within the last 12 months or following significant changes; confirm all controls are documented with implementation status. Conclusion: document outdated sections. Conduct review annually.",Risk_Management > Risk Register Review
Plan of Action and Milestones (POA&M) Review,Review of the plan of action and milestones to track remediation of identified security weaknesses and vulnerabilities.,"Evidence required: current POA&M document showing all open weaknesses, responsible parties, resources, milestones, and scheduled completion dates. Analysis: confirm all identified weaknesses are documented; confirm milestones are being met; confirm completed items have evidence of resolution; confirm POA&M was reviewed and updated within the last 30 days. Conclusion: document overdue milestones and resource gaps. Review monthly.",Risk_Management > Risk Register Review
Security Training Records Review,Verification that security training records are maintained for all personnel and role-based training is completed on schedule.,"Evidence required: training records system export showing completion by individual, role, training type, and date. Analysis: confirm general security awareness training records exist for all personnel; confirm role-based training records exist for personnel in security-sensitive roles (admins, developers, IR team); confirm no records are more than 12 months old without a current completion. Conclusion: document gaps. Review annually.",Human_Resources_Security > Security Training Delivery and Tracking
OH&S Legal Compliance Evaluation,Periodic evaluation of compliance with applicable occupational health and safety legal requirements and other obligations.,Evidence required: register of applicable OH&S legal requirements; compliance evaluation records per requirement; evidence of corrective actions where non-compliance was identified. Analysis: confirm the register is current; confirm evaluation was conducted within the last 12 months; confirm all identified gaps have remediation plans. Conclusion: document non-compliances. Conduct annually.,Occupational_Health_Safety > Hazard Identification and Risk Assessment
OH&S Performance Monitoring Review,Review of OH&S performance metrics and incident statistics to evaluate the effectiveness of OH&S controls and identify trends.,"Evidence required: OH&S performance report for the period covering: incident count and type, near-miss reports, hazard identification actions completed, and objective achievement. Analysis: confirm data covers the full reporting period; confirm trends are identified and discussed; confirm corrective actions are in place for adverse trends. Conclusion: document unresolved adverse trends. Review at minimum quarterly.",Occupational_Health_Safety > Hazard Identification and Risk Assessment
AI System Impact Assessment Review,"Periodic review of AI system impact assessments to confirm they are current, reflect the deployed system, and that identified risks are managed.",Evidence required: AI system impact assessment records for all in-scope AI systems; risk register entries for AI-specific risks; evidence of management approval. Analysis: confirm an impact assessment exists for all AI systems in production; confirm assessments were reviewed following material changes to the system; confirm all identified high risks have treatment plans. Conclusion: document AI systems without current assessments. Conduct annually and after material changes.,AI_Governance > AI Impact Assessment
AI System Performance and Monitoring Review,Review of AI system production monitoring results to confirm systems are performing within defined parameters and unintended outputs are detected.,"Evidence required: AI system monitoring report for the period showing performance metrics, anomaly detections, and any incidents triggered by AI outputs; action log for anomalies. Analysis: confirm monitoring is active for all in-scope AI systems; confirm anomalies were investigated; confirm significant issues were reported to the AI governance committee. Conclusion: document AI systems without active monitoring. Review monthly.",AI_Governance > AI System Monitoring
Anti-Bribery Risk Assessment Review,"Periodic review of the bribery risk assessment to confirm it reflects current operations, geographies, and business relationships.","Evidence required: current bribery risk assessment document with review date; list of high-risk activities, geographies, and business associates. Analysis: confirm assessment was reviewed within the last 12 months or following significant operational changes; confirm high-risk areas have controls documented; confirm assessment was conducted or reviewed by a qualified party. Conclusion: document gaps. Review annually.",Anti_Bribery > Bribery Risk Assessment
Gifts and Hospitality Register Review,"Review of the gifts and hospitality register to confirm entries are complete, approvals are documented, and the register is being actively maintained.","Evidence required: gifts and hospitality register for the period; approval records for items above the defined threshold. Analysis: confirm entries are recorded with required fields (description, value, recipient, business justification, approver); confirm items above threshold have documented approval; confirm any declined or returned items are recorded. Conclusion: document missing entries or approvals. Review quarterly.",Anti_Bribery > Gifts and Hospitality Approval
Anti-Bribery Due Diligence Review,Review of due diligence records for business associates to confirm assessments are current and contractual anti-bribery obligations are in place.,"Evidence required: business associate due diligence register showing risk classification, assessment date, and anti-bribery contractual status; sample of contracts. Analysis: confirm all high-risk business associates were assessed within the last 12 months; confirm anti-bribery clauses are included in sampled contracts; confirm reassessments are triggered by material changes. Conclusion: document overdue assessments. Review annually.",Anti_Bribery > Business Associate Due Diligence
Customer Satisfaction Monitoring,Collection and review of customer satisfaction data to identify trends and drive quality improvements.,Evidence required: customer satisfaction survey results or other feedback mechanism outputs for the period; analysis of results against defined targets; improvement actions identified. Analysis: confirm customer satisfaction data was collected at defined intervals; confirm results were analysed and trends identified; confirm action plans exist for areas below target. Conclusion: document data collection gaps and unaddressed negative trends. Conduct at minimum annually.,Quality_Management > Customer Requirements Review
Quality Nonconformity Review,"Review of product and service nonconformities to confirm they are controlled, investigated, and corrective actions are implemented.","Evidence required: nonconformity log for the period showing description, disposition, root cause, and corrective action status. Analysis: confirm all nonconformities were recorded and dispositioned; confirm root cause analysis was completed for recurring or significant nonconformities; confirm corrective actions have owners and target dates; confirm effectiveness of actions is verified. Conclusion: document unresolved items. Review monthly.",Quality_Management > Nonconformity Management
PII Cross-Border Transfer Review,Review of mechanisms used for cross-border transfers of PII to confirm legal bases are documented and transfers meet applicable requirements.,"Evidence required: data transfer register showing destination countries/organisations, transfer mechanism (adequacy decision, SCCs, BCRs, etc.), and legal basis; sample of transfer agreements. Analysis: confirm all significant cross-border transfers are documented; confirm transfer mechanisms are current and legally valid; confirm data subjects are informed of transfers as required. Conclusion: document undocumented transfers and expired mechanisms. Review annually.",Privacy > PII Processing Assessment
Data Subject Rights Request Fulfilment Review,"Review of data subject rights requests (access, rectification, erasure, portability, objection) to confirm they are fulfilled within required timeframes.","Evidence required: data subject rights request log for the period showing request type, date received, date fulfilled, and outcome. Analysis: confirm all requests were acknowledged and fulfilled within the legally required timeframe; confirm the organisation's ability to locate and act on PII across relevant systems was demonstrated; confirm any refusals were documented with legal justification. Conclusion: document requests not fulfilled on time. Review quarterly.",Privacy > Individual Rights Request Handling
Cyber Governance Programme Review,"Review of the organisation's cybersecurity and data protection governance programme to confirm it is documented, resourced, and operating effectively.","Evidence required: cybersecurity programme documentation (charter, policy, objectives); resource allocation records; performance metrics report. Analysis: confirm programme documentation is current and approved by senior management; confirm cybersecurity responsibilities are assigned; confirm performance metrics are being tracked. Conclusion: document governance gaps. Conduct annually.",Risk_Management > Independent Information Security Review
NIS2 Incident Notification Review,Verification that the organisation's incident notification process meets NIS2 timeframe requirements and that notifications are accurately documented.,"Evidence required: log of significant incidents in the review period; corresponding notification records showing notification date, recipient (competent authority), and content. Analysis: confirm all significant incidents were assessed for NIS2 reporting obligation; confirm initial notifications were made within 24 hours and detailed reports within 72 hours where required; confirm notifications included required content. Conclusion: document incidents where notification obligations were not met. Review following each significant incident.",Incident_Management > Post-Incident Review
AI Prohibited Practices Compliance Review,"Verification that the organisation does not develop, deploy, or use AI systems that perform prohibited practices under the EU AI Act, including subliminal manipulation, exploitation of vulnerabilities, social scoring, and prohibited biometric identification.",Evidence required: inventory of AI systems in use or development; documented review of each system against EU AI Act Article 5 prohibited practices list; legal/compliance sign-off. Analysis: confirm no system deploys subliminal techniques beyond a person's consciousness to distort behaviour; confirm no system exploits vulnerabilities of specific groups; confirm no social scoring systems are in use by public authorities; confirm no real-time remote biometric identification in publicly accessible spaces without lawful basis. Conclusion: document confirmed compliance or identify prohibited uses requiring cessation. Conduct annually and upon deployment of any new AI system.,AI_Governance > AI Impact Assessment
AI System Risk Management Review,"Review of the AI risk management system to confirm it is established, documented, maintained, and operating throughout the AI system lifecycle as required.","Evidence required: AI risk management system documentation; risk identification records covering known and foreseeable risks; testing results; risk treatment decisions. Analysis: confirm the risk management system addresses risks to health, safety, and fundamental rights; confirm testing was performed before deployment; confirm residual risks are within acceptable thresholds; confirm the system is reviewed and updated continuously. Conclusion: document gaps in risk management coverage. Conduct at minimum annually and prior to deployment of any new or substantially modified AI system.",AI_Governance > AI Impact Assessment
AI Training Data Governance Review,"Review of data governance practices for AI training, validation, and testing datasets to confirm they meet quality, representativeness, and bias control requirements.","Evidence required: data governance documentation covering data sources, curation methodology, bias analysis, and quality checks; training data inventory; test results. Analysis: confirm training data is relevant, sufficiently representative, and as free of errors as possible; confirm bias detection and correction measures are in place; confirm data governance practices are documented; confirm special category data handling complies with applicable law. Conclusion: document data governance gaps. Conduct prior to model training and review annually.",AI_Governance > AI System Lifecycle Management
AI Technical Documentation Review,"Verification that technical documentation for AI systems is drawn up before deployment, kept up to date, and contains all required information.","Evidence required: technical documentation for each in-scope AI system containing: general description, development methodology, training data description, validation results, monitoring capabilities, known limitations, and applicable standards. Analysis: confirm documentation was created before market placement or service deployment; confirm it has been updated following material changes; confirm it is retained for the required period (10 years post-deployment). Conclusion: document systems lacking compliant technical documentation. Conduct prior to deployment and review annually.",AI_Governance > AI System Lifecycle Management
AI System Logging and Record-Keeping Review,"Verification that AI systems generate and retain logs enabling traceability of operation, and that log records are maintained for required periods.","Evidence required: logging configuration for in-scope AI systems showing event types captured, retention period, and access controls; sample of logs confirming required fields; retention policy documentation. Analysis: confirm AI systems technically allow automatic recording of events over their lifetime; confirm logs capture sufficient information for traceability of outputs; confirm logs are retained for the legally required period; confirm log access is controlled and protected from tampering. Conclusion: document AI systems with insufficient logging. Conduct quarterly.",Logging_Monitoring > Log Configuration
AI Human Oversight Controls Review,"Verification that high-risk AI systems are designed and deployed with effective human oversight mechanisms, and that oversight roles are assigned to competent personnel.","Evidence required: human oversight design documentation for each high-risk AI system; role assignments for oversight personnel with competence records; evidence that override capability is implemented; operational monitoring records. Analysis: confirm AI systems allow oversight persons to understand capabilities and limitations; confirm persons can intervene or halt operation; confirm oversight personnel have necessary competence, training, and authority; confirm oversight is appropriate to the level of risk and autonomy. Conclusion: document systems where human oversight is insufficient. Conduct at minimum annually.",AI_Governance > AI System Lifecycle Management
AI Transparency and Disclosure Review,"Verification that AI systems intended to interact with humans are disclosed as AI, and that synthetic content is marked, as required.","Evidence required: list of AI systems that interact directly with natural persons or generate synthetic content; disclosure mechanisms implemented (labels, notifications, watermarks); user communications. Analysis: confirm systems interacting with persons are designed to inform users they are interacting with AI; confirm synthetic audio, image, video, or text outputs are machine-readable marked; confirm deployers of emotion recognition or biometric categorisation systems inform exposed persons; confirm deepfake content is disclosed as artificially generated. Conclusion: document non-compliant systems. Conduct at minimum annually.",AI_Governance > AI System Lifecycle Management
AI Serious Incident Reporting Review,"Verification that the organisation has processes to detect, investigate, and report serious AI incidents to the relevant market surveillance authority within required timeframes.",Evidence required: AI serious incident reporting process documentation; log of serious incidents in the review period with notification records showing dates and content; investigation records. Analysis: confirm the organisation has defined what constitutes a serious incident for its AI systems; confirm incident notification was made to the market surveillance authority immediately upon establishing a causal link; confirm incidents resulting in death were reported immediately; confirm investigations were completed and corrective actions taken. Conclusion: document incidents where notification was delayed or omitted. Conduct review following each serious incident.,Incident_Management > Post-Incident Review
AI Post-Market Monitoring Review,"Verification that the organisation actively monitors AI systems after deployment to collect and analyse performance data, identify new risks, and update risk management accordingly.","Evidence required: post-market monitoring plan for each high-risk AI system; monitoring data collected during the period; review records showing analysis of performance, user feedback, and new risks identified; system updates triggered by monitoring. Analysis: confirm a post-market monitoring system is documented and operating; confirm data is actively collected from deployment; confirm monitoring results feed back into the risk management system; confirm material new risks trigger updates to technical documentation. Conclusion: document AI systems without active post-market monitoring. Conduct quarterly.",AI_Governance > AI System Monitoring
Fundamental Rights Impact Assessment,"Execution of a fundamental rights impact assessment before deploying high-risk AI systems, covering impacts on privacy, non-discrimination, dignity, and other protected rights.","Evidence required: fundamental rights impact assessment report for each in-scope high-risk AI system, completed prior to first use; notification record to market surveillance authority; review of prior assessment for reuse where applicable. Analysis: confirm assessment was completed before first deployment; confirm it covers the categories of persons likely to be affected, the risks to fundamental rights, and measures taken to mitigate risks; confirm assessment was notified to the market surveillance authority; confirm assessment is updated when the system is substantially changed. Conclusion: document systems deployed without a completed assessment. Conduct prior to first deployment and upon substantial modification.",AI_Governance > AI Impact Assessment
LLM Prompt Injection Controls Review,"Verification that controls are in place to detect and prevent prompt injection attacks against LLM-based systems, both direct (user input) and indirect (from external content).","Evidence required: prompt injection control configuration (input validation, output sanitisation, privilege restrictions on LLM actions); penetration test or red-team results covering prompt injection; incident log for prompt injection events. Analysis: confirm input validation prevents users from overriding system prompts; confirm indirect prompt injection via external data sources (RAG, plugins) is mitigated through input sanitisation; confirm the LLM cannot be instructed to ignore its safety constraints through adversarial prompts; confirm privilege separation prevents injected instructions from taking privileged actions. Conclusion: document unmitigated injection vectors. Conduct at minimum semi-annually and upon new LLM feature deployment.",Secure_Development > Security Testing in Development
LLM Sensitive Data Disclosure Controls Review,"Verification that LLM-based systems do not disclose sensitive information, PII, or training data through their outputs, and that controls prevent memorisation and re-disclosure.",Evidence required: data handling policies for LLM inputs and outputs; DLP configuration applied to LLM outputs; red-team or testing results covering sensitive data extraction attempts; privacy impact assessment for LLM deployments. Analysis: confirm LLM outputs are scanned for PII and sensitive data before being returned to users; confirm training data does not include unmasked personal data that could be extracted; confirm system prompts containing sensitive configuration are protected from disclosure; confirm access controls prevent users from extracting other users' data. Conclusion: document data leakage risks identified. Conduct at minimum annually.,Secure_Development > Security Testing in Development
LLM Supply Chain Security Review,"Verification that third-party LLM models, datasets, plugins, and infrastructure used in AI systems are assessed for security, provenance, and integrity before use.","Evidence required: inventory of third-party LLM components (base models, fine-tuning datasets, plugins, APIs); security assessment records for each component; vendor security questionnaires or SOC 2 reports; model card or system card review records. Analysis: confirm all third-party LLM components are inventoried with provenance documentation; confirm security assessments were conducted before deployment; confirm model cards were reviewed for known biases, training data risks, and safety evaluations; confirm mechanisms exist to detect if a third-party model has been tampered with. Conclusion: document third-party components without security assessments. Conduct at minimum annually.",Supplier_Management > Supplier Onboarding
LLM Output Validation and Handling Review,"Verification that LLM outputs are validated, sanitised, and handled appropriately before being passed to downstream systems or presented to users, preventing injection attacks and misinformation propagation.","Evidence required: output handling configuration including sanitisation, validation, and content filtering; testing results for output injection vulnerabilities (XSS, command injection via LLM output); content moderation review records; misinformation detection controls. Analysis: confirm LLM outputs passed to downstream systems are sanitised and validated before execution; confirm outputs used in code generation are reviewed before execution; confirm content filters prevent generation of clearly false or harmful content; confirm fact-checking mechanisms are applied where AI output is used for decisions. Conclusion: document unvalidated output channels. Conduct at minimum semi-annually.",Secure_Development > Security Testing in Development
LLM Resource and Agency Controls Review,"Verification that LLM-based agents and agentic systems have appropriate resource limits, permission boundaries, and rate controls to prevent excessive resource consumption and unauthorised autonomous actions.",Evidence required: LLM agent permission and capability configuration; rate limiting and quota configuration; human approval checkpoints for high-impact actions; audit logs of autonomous actions taken. Analysis: confirm LLM agents operate under least-privilege — they can only access systems and take actions explicitly required for their function; confirm rate limiting and quotas prevent unbounded resource consumption; confirm high-impact irreversible actions require human confirmation; confirm all autonomous actions are logged and reviewable; confirm sandbox controls prevent LLM access to unintended systems. Conclusion: document over-privileged or unconstrained agents. Conduct at minimum semi-annually.,Secure_Development > Application Security Requirements Review
GAI Red-Teaming and Adversarial Testing,"Structured adversarial testing of generative AI systems to identify vulnerabilities, safety failures, and potential misuse before deployment and on a recurring basis post-deployment.","Evidence required: red-team test plan and scope documentation; red-team execution report including test scenarios, findings, and severity ratings; evidence that red-team involved diverse expertise including domain experts; remediation tracking for findings. Analysis: confirm red-teaming covered prompt injection, data extraction, jailbreaking, harmful content generation, and misuse scenarios; confirm test team included expertise independent of the development team; confirm critical findings were remediated before deployment; confirm recurring red-team cadence is scheduled. Conclusion: document AI systems without recent red-team testing. Conduct prior to deployment and at minimum annually thereafter.",AI_Governance > AI System Lifecycle Management
Third-Party GAI System Governance Review,"Verification that third-party generative AI systems used in the organisation are governed under formal contracts, monitored continuously, and can be safely decommissioned.","Evidence required: approved third-party GAI technology and service provider list; contracts with security requirements, SLAs, and content ownership clauses; continuous monitoring records for third-party GAI systems; incident response plans covering third-party GAI failures. Analysis: confirm all third-party GAI systems are inventoried; confirm contracts specify security requirements, data handling, content provenance, and right to audit; confirm third-party GAI systems are continuously monitored for performance and safety; confirm fallback procedures exist for third-party GAI system failure. Conclusion: document third-party GAI systems without compliant contracts or monitoring. Conduct at minimum annually.",Supplier_Management > Supplier Review
